{
	"partitions" : [
		{
			"name" : "Top",
			"pins" : [
				{
					"name" : "ready",
					"strict" : false
				},
				{
					"name" : "m_u_tx",
					"strict" : false
				},
				{
					"name" : "s_u_tx",
					"strict" : false
				},
				{
					"name" : "start",
					"strict" : false
				},
				{
					"name" : "rstn",
					"strict" : false
				},
				{
					"name" : "clk",
					"strict" : false
				},
				{
					"name" : "mode",
					"strict" : false
				},
				{
					"name" : "s_u_rx",
					"strict" : false
				},
				{
					"name" : "m_u_rx",
					"strict" : false
				},
				{
					"name" : "altera_reserved_tms",
					"strict" : false
				},
				{
					"name" : "altera_reserved_tck",
					"strict" : false
				},
				{
					"name" : "altera_reserved_tdi",
					"strict" : false
				},
				{
					"name" : "altera_reserved_tdo",
					"strict" : false
				}
			]
		}
	]
}